Country,Region,Latitude,Longitude,site
Afghanistan,Eastern Mediterranean,33.0,65.0,https://www.iapb.org/wp-content/uploads/worldmap-eastern-mediterranean-cropped.png
Albania,Europe,41.0,20.0,https://www.iapb.org/wp-content/uploads/worldmap-europe-cropped.png
Algeria,Africa,28.0,2.0,https://www.iapb.org/wp-content/uploads/Africa-map.jpg
Andorra,Europe,42.0,1.5,https://www.iapb.org/wp-content/uploads/worldmap-europe-cropped.png
Angola,Africa,-12.0,18.0,https://www.iapb.org/wp-content/uploads/Africa-map.jpg
Antigua and Barbuda,Americas,17.0,-62.0,https://upload.wikimedia.org/wikipedia/commons/thumb/c/ca/Americas_%28orthographic_projection%29.svg/1200px-Americas_%28orthographic_projection%29.svg.png
Argentina,Americas,-34.0,-64.0,https://upload.wikimedia.org/wikipedia/commons/thumb/c/ca/Americas_%28orthographic_projection%29.svg/1200px-Americas_%28orthographic_projection%29.svg.png
China,Western Pacific,35.0,103.0,https://www.iapb.org/wp-content/uploads/WPR_Map-400x267.jpg
Japan,Western Pacific,36.0,138.0,https://www.iapb.org/wp-content/uploads/WPR_Map-400x267.jpg
South Korea,Western Pacific,36.0,128.0,https://www.iapb.org/wp-content/uploads/WPR_Map-400x267.jpg
Taiwan,South-East Asia,24.0,121.0,https://www.iapb.org/wp-content/uploads/worldmap-southeast-asia-cropped.png
Thailand,South-East Asia,16.0,101.0,https://www.iapb.org/wp-content/uploads/worldmap-southeast-asia-cropped.png
US,Americas,40.0,-90.0,https://upload.wikimedia.org/wikipedia/commons/thumb/c/ca/Americas_%28orthographic_projection%29.svg/1200px-Americas_%28orthographic_projection%29.svg.png
Australia,Western Pacific,-25.0,133.0,https://www.iapb.org/wp-content/uploads/WPR_Map-400x267.jpg
Brazil,Americas,-10.0,-52.0,https://upload.wikimedia.org/wikipedia/commons/thumb/c/ca/Americas_%28orthographic_projection%29.svg/1200px-Americas_%28orthographic_projection%29.svg.png
Colombia,Americas,4.0,-72.0,https://upload.wikimedia.org/wikipedia/commons/thumb/c/ca/Americas_%28orthographic_projection%29.svg/1200px-Americas_%28orthographic_projection%29.svg.png
Malaysia,Western Pacific,4.0,102.0,https://www.iapb.org/wp-content/uploads/WPR_Map-400x267.jpg
Mexico,Americas,23.0,-102.0,https://upload.wikimedia.org/wikipedia/commons/thumb/c/ca/Americas_%28orthographic_projection%29.svg/1200px-Americas_%28orthographic_projection%29.svg.png
Philippines,Western Pacific,13.0,122.0,https://www.iapb.org/wp-content/uploads/WPR_Map-400x267.jpg
Singapore,Western Pacific,1.0,104.0,https://www.iapb.org/wp-content/uploads/WPR_Map-400x267.jpg
Vietnam,Western Pacific,14.0,108.0,https://www.iapb.org/wp-content/uploads/WPR_Map-400x267.jpg
France,Europe,47.0,2.0,https://www.iapb.org/wp-content/uploads/worldmap-europe-cropped.png
Nepal,South-East Asia,28.0,84.0,https://www.iapb.org/wp-content/uploads/worldmap-southeast-asia-cropped.png
Canada,Americas,60.0,-110.0,https://upload.wikimedia.org/wikipedia/commons/thumb/c/ca/Americas_%28orthographic_projection%29.svg/1200px-Americas_%28orthographic_projection%29.svg.png
Cambodia,Western Pacific,12.0,105.0,https://www.iapb.org/wp-content/uploads/WPR_Map-400x267.jpg
Ivory Coast,Africa,8.0,-6.0,https://www.iapb.org/wp-content/uploads/Africa-map.jpg
Sri Lanka,South-East Asia,8.0,81.0,https://www.iapb.org/wp-content/uploads/worldmap-southeast-asia-cropped.png
Germany,Europe,51.0,9.0,https://www.iapb.org/wp-content/uploads/worldmap-europe-cropped.png
Finland,Europe,62.0,26.0,https://www.iapb.org/wp-content/uploads/worldmap-europe-cropped.png
United Arab Emirates,Eastern Mediterranean,23.0,54.0,https://www.iapb.org/wp-content/uploads/worldmap-eastern-mediterranean-cropped.png
India,South-East Asia,21.0,78.0,https://www.iapb.org/wp-content/uploads/worldmap-southeast-asia-cropped.png
Italy,Europe,43.0,12.0,https://www.iapb.org/wp-content/uploads/worldmap-europe-cropped.png
Russia,Europe,60.0,90.0,https://www.iapb.org/wp-content/uploads/worldmap-europe-cropped.png
Sweden,Europe,63.0,16.0,https://www.iapb.org/wp-content/uploads/worldmap-europe-cropped.png
United Kingdom,Europe,55.0,0.0,https://www.iapb.org/wp-content/uploads/worldmap-europe-cropped.png
Spain,Europe,40.0,-4.0,https://www.iapb.org/wp-content/uploads/worldmap-europe-cropped.png
Belgium,Europe,51.0,5.0,https://www.iapb.org/wp-content/uploads/worldmap-europe-cropped.png
Egypt,Eastern Mediterranean,27.0,31.0,https://www.iapb.org/wp-content/uploads/worldmap-eastern-mediterranean-cropped.png
Iran,Eastern Mediterranean,32.0,54.0,https://www.iapb.org/wp-content/uploads/worldmap-eastern-mediterranean-cropped.png
Israel,Europe,31.0,35.0,https://www.iapb.org/wp-content/uploads/worldmap-europe-cropped.png
Lebanon,Eastern Mediterranean,34.0,36.0,https://www.iapb.org/wp-content/uploads/worldmap-eastern-mediterranean-cropped.png
Iraq,Eastern Mediterranean,33.0,44.0,https://www.iapb.org/wp-content/uploads/worldmap-eastern-mediterranean-cropped.png
Bahrain,Eastern Mediterranean,26.0,51.0,https://www.iapb.org/wp-content/uploads/worldmap-eastern-mediterranean-cropped.png
Kuwait,Eastern Mediterranean,29.0,48.0,https://www.iapb.org/wp-content/uploads/worldmap-eastern-mediterranean-cropped.png
Oman,Eastern Mediterranean,22.0,56.0,https://www.iapb.org/wp-content/uploads/worldmap-eastern-mediterranean-cropped.png
Austria,Europe,48.0,14.0,https://www.iapb.org/wp-content/uploads/worldmap-europe-cropped.png
Croatia,Europe,45.0,15.0,https://www.iapb.org/wp-content/uploads/worldmap-europe-cropped.png
Switzerland,Europe,47.0,8.0,https://www.iapb.org/wp-content/uploads/worldmap-europe-cropped.png
Georgia,Europe,42.0,43.0,https://www.iapb.org/wp-content/uploads/worldmap-europe-cropped.png
Greece,Europe,39.0,22.0,https://www.iapb.org/wp-content/uploads/worldmap-europe-cropped.png
North Macedonia,Europe,41.61,21.75,https://www.iapb.org/wp-content/uploads/worldmap-europe-cropped.png
Norway,Europe,60.0,9.0,https://www.iapb.org/wp-content/uploads/worldmap-europe-cropped.png
Pakistan,Eastern Mediterranean,30.0,70.0,https://www.iapb.org/wp-content/uploads/worldmap-eastern-mediterranean-cropped.png
Romania,Europe,46.0,25.0,https://www.iapb.org/wp-content/uploads/worldmap-europe-cropped.png
Denmark,Europe,56.0,10.0,https://www.iapb.org/wp-content/uploads/worldmap-europe-cropped.png
Estonia,Europe,59.0,26.0,https://www.iapb.org/wp-content/uploads/worldmap-europe-cropped.png
Netherlands,Europe,52.0,6.0,https://www.iapb.org/wp-content/uploads/worldmap-europe-cropped.png
San Marino,Europe,44.0,12.0,https://www.iapb.org/wp-content/uploads/worldmap-europe-cropped.png
Azerbaijan,Europe,40.0,48.0,https://www.iapb.org/wp-content/uploads/worldmap-europe-cropped.png
Belarus,Europe,54.0,28.0,https://www.iapb.org/wp-content/uploads/worldmap-europe-cropped.png
Iceland,Europe,65.0,-19.0,https://www.iapb.org/wp-content/uploads/worldmap-europe-cropped.png
Lithuania,Europe,55.0,24.0,https://www.iapb.org/wp-content/uploads/worldmap-europe-cropped.png
New Zealand,Western Pacific,-41.0,175.0,https://www.iapb.org/wp-content/uploads/WPR_Map-400x267.jpg
Nigeria,Africa,9.0,9.0,https://www.iapb.org/wp-content/uploads/Africa-map.jpg
Ireland,Europe,53.0,-8.0,https://www.iapb.org/wp-content/uploads/worldmap-europe-cropped.png
Luxembourg,Europe,50.0,6.0,https://www.iapb.org/wp-content/uploads/worldmap-europe-cropped.png
Monaco,Europe,43.73,7.42,https://www.iapb.org/wp-content/uploads/worldmap-europe-cropped.png
Qatar,Eastern Mediterranean,25.35,51.0,https://www.iapb.org/wp-content/uploads/worldmap-eastern-mediterranean-cropped.png
Armenia,Europe,40.0,45.0,https://www.iapb.org/wp-content/uploads/worldmap-europe-cropped.png
Czech Republic,Europe,50.0,16.0,https://www.iapb.org/wp-content/uploads/worldmap-europe-cropped.png
Dominican Republic,Americas,19.0,-70.0,https://upload.wikimedia.org/wikipedia/commons/thumb/c/ca/Americas_%28orthographic_projection%29.svg/1200px-Americas_%28orthographic_projection%29.svg.png
Ecuador,Americas,-2.0,-78.0,https://upload.wikimedia.org/wikipedia/commons/thumb/c/ca/Americas_%28orthographic_projection%29.svg/1200px-Americas_%28orthographic_projection%29.svg.png
Indonesia,South-East Asia,-1.0,114.0,https://www.iapb.org/wp-content/uploads/worldmap-southeast-asia-cropped.png
Latvia,Europe,57.0,25.0,https://www.iapb.org/wp-content/uploads/worldmap-europe-cropped.png
Morocco,Eastern Mediterranean,32.0,-7.0,https://www.iapb.org/wp-content/uploads/worldmap-eastern-mediterranean-cropped.png
Portugal,Europe,39.0,-8.0,https://www.iapb.org/wp-content/uploads/worldmap-europe-cropped.png
Saudi Arabia,Eastern Mediterranean,24.0,45.0,https://www.iapb.org/wp-content/uploads/worldmap-eastern-mediterranean-cropped.png
Senegal,Africa,15.0,-14.0,https://www.iapb.org/wp-content/uploads/Africa-map.jpg
Chile,Americas,-34.0,-71.0,https://upload.wikimedia.org/wikipedia/commons/thumb/c/ca/Americas_%28orthographic_projection%29.svg/1200px-Americas_%28orthographic_projection%29.svg.png
Jordan,Eastern Mediterranean,31.0,37.0,https://www.iapb.org/wp-content/uploads/worldmap-eastern-mediterranean-cropped.png
Ukraine,Europe,49.0,32.0,https://www.iapb.org/wp-content/uploads/worldmap-europe-cropped.png
Hungary,Europe,47.0,20.0,https://www.iapb.org/wp-content/uploads/worldmap-europe-cropped.png
Liechtenstein,Europe,47.0,10.0,https://www.iapb.org/wp-content/uploads/worldmap-europe-cropped.png
Poland,Europe,52.0,19.0,https://www.iapb.org/wp-content/uploads/worldmap-europe-cropped.png
Tunisia,Eastern Mediterranean,34.0,10.0,https://www.iapb.org/wp-content/uploads/worldmap-eastern-mediterranean-cropped.png
Bosnia and Herzegovina,Europe,44.0,18.0,https://www.iapb.org/wp-content/uploads/worldmap-europe-cropped.png
Slovenia,Europe,46.0,15.0,https://www.iapb.org/wp-content/uploads/worldmap-europe-cropped.png
South Africa,Africa,-31.0,23.0,https://www.iapb.org/wp-content/uploads/Africa-map.jpg
Bhutan,South-East Asia,28.0,90.0,https://www.iapb.org/wp-content/uploads/worldmap-southeast-asia-cropped.png
Cameroon,Africa,4.0,12.0,https://www.iapb.org/wp-content/uploads/Africa-map.jpg
Costa Rica,Americas,10.0,-84.0,https://upload.wikimedia.org/wikipedia/commons/thumb/c/ca/Americas_%28orthographic_projection%29.svg/1200px-Americas_%28orthographic_projection%29.svg.png
Peru,Americas,-10.0,-76.0,https://upload.wikimedia.org/wikipedia/commons/thumb/c/ca/Americas_%28orthographic_projection%29.svg/1200px-Americas_%28orthographic_projection%29.svg.png
Serbia,Europe,44.0,21.0,https://www.iapb.org/wp-content/uploads/worldmap-europe-cropped.png
Slovakia,Europe,49.0,20.0,https://www.iapb.org/wp-content/uploads/worldmap-europe-cropped.png
Togo,Africa,9.0,1.0,https://www.iapb.org/wp-content/uploads/Africa-map.jpg
Malta,Europe,36.0,14.0,https://www.iapb.org/wp-content/uploads/worldmap-europe-cropped.png
Bangladesh,South-East Asia,24.0,90.0,https://www.iapb.org/wp-content/uploads/worldmap-southeast-asia-cropped.png
Bulgaria,Europe,43.0,25.0,https://www.iapb.org/wp-content/uploads/worldmap-europe-cropped.png
Maldives,South-East Asia,3.0,73.0,https://www.iapb.org/wp-content/uploads/worldmap-southeast-asia-cropped.png
Moldova,Europe,47.0,28.0,https://www.iapb.org/wp-content/uploads/worldmap-europe-cropped.png
Paraguay,Americas,-23.0,-58.0,https://upload.wikimedia.org/wikipedia/commons/thumb/c/ca/Americas_%28orthographic_projection%29.svg/1200px-Americas_%28orthographic_projection%29.svg.png
Brunei,Western Pacific,5.0,115.0,https://www.iapb.org/wp-content/uploads/WPR_Map-400x267.jpg
Cyprus,Europe,35.0,33.0,https://www.iapb.org/wp-content/uploads/worldmap-europe-cropped.png
Burkina Faso,Africa,12.0,-2.0,https://www.iapb.org/wp-content/uploads/Africa-map.jpg
Holy See,Europe,42.0,12.0,https://www.iapb.org/wp-content/uploads/worldmap-europe-cropped.png
Mongolia,Western Pacific,47.0,104.0,https://www.iapb.org/wp-content/uploads/WPR_Map-400x267.jpg
Panama,Americas,9.0,-81.0,https://upload.wikimedia.org/wikipedia/commons/thumb/c/ca/Americas_%28orthographic_projection%29.svg/1200px-Americas_%28orthographic_projection%29.svg.png
Bolivia,Americas,-16.0,-64.0,https://upload.wikimedia.org/wikipedia/commons/thumb/c/ca/Americas_%28orthographic_projection%29.svg/1200px-Americas_%28orthographic_projection%29.svg.png
Cruise Ship,Other,0.0,0.0,
Honduras,Americas,15.0,-86.0,https://upload.wikimedia.org/wikipedia/commons/thumb/c/ca/Americas_%28orthographic_projection%29.svg/1200px-Americas_%28orthographic_projection%29.svg.png
Jamaica,Americas,18.0,-77.0,https://upload.wikimedia.org/wikipedia/commons/thumb/c/ca/Americas_%28orthographic_projection%29.svg/1200px-Americas_%28orthographic_projection%29.svg.png
Turkey,Europe,39.0,35.0,https://www.iapb.org/wp-content/uploads/worldmap-europe-cropped.png
Cuba,Americas,22.0,-78.0,https://upload.wikimedia.org/wikipedia/commons/thumb/c/ca/Americas_%28orthographic_projection%29.svg/1200px-Americas_%28orthographic_projection%29.svg.png
Guyana,Americas,5.0,-59.0,https://upload.wikimedia.org/wikipedia/commons/thumb/c/ca/Americas_%28orthographic_projection%29.svg/1200px-Americas_%28orthographic_projection%29.svg.png
Ethiopia,Africa,9.0,40.0,https://www.iapb.org/wp-content/uploads/Africa-map.jpg
Guinea,Africa,10.0,-10.0,https://www.iapb.org/wp-content/uploads/Africa-map.jpg
Kazakhstan,Europe,48.0,67.0,https://www.iapb.org/wp-content/uploads/worldmap-europe-cropped.png
Kenya,Africa,0.0,38.0,https://www.iapb.org/wp-content/uploads/Africa-map.jpg
Sudan,Eastern Mediterranean,13.0,30.0,https://www.iapb.org/wp-content/uploads/worldmap-eastern-mediterranean-cropped.png
Eswatini,Africa,-27.0,31.0,https://www.iapb.org/wp-content/uploads/Africa-map.jpg
Gabon,Africa,-1.0,12.0,https://www.iapb.org/wp-content/uploads/Africa-map.jpg
Ghana,Africa,7.94,-1.0,https://www.iapb.org/wp-content/uploads/Africa-map.jpg
Guatemala,Americas,16.0,-90.0,https://upload.wikimedia.org/wikipedia/commons/thumb/c/ca/Americas_%28orthographic_projection%29.svg/1200px-Americas_%28orthographic_projection%29.svg.png
Mauritania,Africa,21.0,-11.0,https://www.iapb.org/wp-content/uploads/Africa-map.jpg
Namibia,Africa,-23.0,19.0,https://www.iapb.org/wp-content/uploads/Africa-map.jpg
Rwanda,Africa,-2.0,30.0,https://www.iapb.org/wp-content/uploads/Africa-map.jpg
Saint Lucia,Americas,14.0,-61.0,https://upload.wikimedia.org/wikipedia/commons/thumb/c/ca/Americas_%28orthographic_projection%29.svg/1200px-Americas_%28orthographic_projection%29.svg.png
Saint Vincent and the Grenadines,Americas,13.0,-61.0,https://upload.wikimedia.org/wikipedia/commons/thumb/c/ca/Americas_%28orthographic_projection%29.svg/1200px-Americas_%28orthographic_projection%29.svg.png
Seychelles,Africa,-5.0,56.0,https://www.iapb.org/wp-content/uploads/Africa-map.jpg
Suriname,Americas,4.0,-56.0,https://upload.wikimedia.org/wikipedia/commons/thumb/c/ca/Americas_%28orthographic_projection%29.svg/1200px-Americas_%28orthographic_projection%29.svg.png
Trinidad and Tobago,Americas,11.0,-61.0,https://upload.wikimedia.org/wikipedia/commons/thumb/c/ca/Americas_%28orthographic_projection%29.svg/1200px-Americas_%28orthographic_projection%29.svg.png
Uruguay,Americas,-33.0,-56.0,https://upload.wikimedia.org/wikipedia/commons/thumb/c/ca/Americas_%28orthographic_projection%29.svg/1200px-Americas_%28orthographic_projection%29.svg.png
Venezuela,Americas,6.0,-67.0,https://upload.wikimedia.org/wikipedia/commons/thumb/c/ca/Americas_%28orthographic_projection%29.svg/1200px-Americas_%28orthographic_projection%29.svg.png
Central African Republic,Africa,7.0,21.0,https://www.iapb.org/wp-content/uploads/Africa-map.jpg
Equatorial Guinea,Africa,2.0,10.0,https://www.iapb.org/wp-content/uploads/Africa-map.jpg
Kosovo,Europe,43.0,21.0,https://www.iapb.org/wp-content/uploads/worldmap-europe-cropped.png
Uzbekistan,Europe,41.0,65.0,https://www.iapb.org/wp-content/uploads/worldmap-europe-cropped.png
Bahamas,Americas,25.0,-78.0,https://upload.wikimedia.org/wikipedia/commons/thumb/c/ca/Americas_%28orthographic_projection%29.svg/1200px-Americas_%28orthographic_projection%29.svg.png
Benin,Africa,9.0,2.0,https://www.iapb.org/wp-content/uploads/Africa-map.jpg
Liberia,Africa,6.0,-9.0,https://www.iapb.org/wp-content/uploads/Africa-map.jpg
Somalia,Eastern Mediterranean,5.0,46.0,https://www.iapb.org/wp-content/uploads/worldmap-eastern-mediterranean-cropped.png
Tanzania,Africa,-6.0,35.0,https://www.iapb.org/wp-content/uploads/Africa-map.jpg
Barbados,Americas,13.0,-60.0,https://upload.wikimedia.org/wikipedia/commons/thumb/c/ca/Americas_%28orthographic_projection%29.svg/1200px-Americas_%28orthographic_projection%29.svg.png
Gambia,Africa,13.0,-15.0,https://www.iapb.org/wp-content/uploads/Africa-map.jpg
Montenegro,Europe,43.0,19.0,https://www.iapb.org/wp-content/uploads/worldmap-europe-cropped.png
Djibouti,Eastern Mediterranean,12.0,43.0,https://www.iapb.org/wp-content/uploads/worldmap-eastern-mediterranean-cropped.png
Kyrgyzstan,Europe,41.0,75.0,https://www.iapb.org/wp-content/uploads/worldmap-europe-cropped.png
Mauritius,Africa,-20.0,58.0,https://www.iapb.org/wp-content/uploads/Africa-map.jpg
Zambia,Africa,-13.0,28.0,https://www.iapb.org/wp-content/uploads/Africa-map.jpg
Chad,Africa,15.0,19.0,https://www.iapb.org/wp-content/uploads/Africa-map.jpg
El Salvador,Americas,14.0,-89.0,https://upload.wikimedia.org/wikipedia/commons/thumb/c/ca/Americas_%28orthographic_projection%29.svg/1200px-Americas_%28orthographic_projection%29.svg.png
Fiji,Western Pacific,-18.0,178.0,https://www.iapb.org/wp-content/uploads/WPR_Map-400x267.jpg
Nicaragua,Americas,13.0,-85.0,https://upload.wikimedia.org/wikipedia/commons/thumb/c/ca/Americas_%28orthographic_projection%29.svg/1200px-Americas_%28orthographic_projection%29.svg.png
Cape Verde,Africa,16.5,-23.0,https://www.iapb.org/wp-content/uploads/Africa-map.jpg
Haiti,Americas,19.0,-72.0,https://upload.wikimedia.org/wikipedia/commons/thumb/c/ca/Americas_%28orthographic_projection%29.svg/1200px-Americas_%28orthographic_projection%29.svg.png
Madagascar,Africa,-19.0,47.0,https://www.iapb.org/wp-content/uploads/Africa-map.jpg
Niger,Africa,18.0,8.0,https://www.iapb.org/wp-content/uploads/Africa-map.jpg
Papua New Guinea,Western Pacific,-6.0,144.0,https://www.iapb.org/wp-content/uploads/WPR_Map-400x267.jpg
Zimbabwe,Africa,-19.0,29.0,https://www.iapb.org/wp-content/uploads/Africa-map.jpg
East Timor,South-East Asia,-9.0,126.0,https://www.iapb.org/wp-content/uploads/worldmap-southeast-asia-cropped.png
Eritrea,Africa,15.0,40.0,https://www.iapb.org/wp-content/uploads/Africa-map.jpg
Uganda,Africa,1.0,32.0,https://www.iapb.org/wp-content/uploads/Africa-map.jpg
Dominica,Americas,15.0,-61.0,https://upload.wikimedia.org/wikipedia/commons/thumb/c/ca/Americas_%28orthographic_projection%29.svg/1200px-Americas_%28orthographic_projection%29.svg.png
Grenada,Americas,12.0,-62.0,https://upload.wikimedia.org/wikipedia/commons/thumb/c/ca/Americas_%28orthographic_projection%29.svg/1200px-Americas_%28orthographic_projection%29.svg.png
Mozambique,Africa,-19.0,36.0,https://www.iapb.org/wp-content/uploads/Africa-map.jpg
Syria,Eastern Mediterranean,35.0,39.0,https://www.iapb.org/wp-content/uploads/worldmap-eastern-mediterranean-cropped.png
Belize,Americas,17.0,-89.0,https://upload.wikimedia.org/wikipedia/commons/thumb/c/ca/Americas_%28orthographic_projection%29.svg/1200px-Americas_%28orthographic_projection%29.svg.png
Laos,Western Pacific,18.0,105.0,https://www.iapb.org/wp-content/uploads/WPR_Map-400x267.jpg
Libya,Eastern Mediterranean,26.0,17.0,https://www.iapb.org/wp-content/uploads/worldmap-eastern-mediterranean-cropped.png
Guinea-Bissau,Africa,12.0,-15.0,https://www.iapb.org/wp-content/uploads/Africa-map.jpg
Mali,Africa,18.0,-4.0,https://www.iapb.org/wp-content/uploads/Africa-map.jpg
Saint Kitts and Nevis,Americas,17.0,-63.0,https://upload.wikimedia.org/wikipedia/commons/thumb/c/ca/Americas_%28orthographic_projection%29.svg/1200px-Americas_%28orthographic_projection%29.svg.png
West Bank and Gaza,Eastern Mediterranean,32.0,35.0,https://www.iapb.org/wp-content/uploads/worldmap-eastern-mediterranean-cropped.png
Burma,South-East Asia,22.0,96.0,https://www.iapb.org/wp-content/uploads/worldmap-southeast-asia-cropped.png
Botswana,Africa,-25.0,26.0,https://www.iapb.org/wp-content/uploads/Africa-map.jpg
Burundi,Africa,-4.0,30.0,https://www.iapb.org/wp-content/uploads/Africa-map.jpg
Sierra Leone,Africa,8.0,-13.0,https://www.iapb.org/wp-content/uploads/Africa-map.jpg
Malawi,Africa,-14.0,34.0,https://www.iapb.org/wp-content/uploads/Africa-map.jpg
South Sudan,Africa,8.0,30.0,https://www.iapb.org/wp-content/uploads/Africa-map.jpg
Western Sahara,Africa,25.0,-13.0,https://www.iapb.org/wp-content/uploads/Africa-map.jpg
Sao Tome and Principe,Africa,1.0,7.0,https://www.iapb.org/wp-content/uploads/Africa-map.jpg
Yemen,Eastern Mediterranean,15.0,44.0,https://www.iapb.org/wp-content/uploads/worldmap-eastern-mediterranean-cropped.png
Comoros,Africa,-12.0,44.0,https://www.iapb.org/wp-content/uploads/Africa-map.jpg
Tajikistan,Europe,39.0,71.0,https://www.iapb.org/wp-content/uploads/worldmap-europe-cropped.png
Lesotho,Africa,-29.0,28.0,https://www.iapb.org/wp-content/uploads/Africa-map.jpg
Congo-Brazzaville,Africa,-1.0,15.0,https://www.iapb.org/wp-content/uploads/Africa-map.jpg
Democratic Republic of Congo,Africa,-3.0,24.0,https://www.iapb.org/wp-content/uploads/Africa-map.jpg
Marshall Islands,Western Pacific,13.0,122.0,https://www.iapb.org/wp-content/uploads/WPR_Map-400x267.jpg
Solomon Islands,Western Pacific,13.0,122.0,https://www.iapb.org/wp-content/uploads/WPR_Map-400x267.jpg
Vanuatu,Western Pacific,13.0,122.0,https://www.iapb.org/wp-content/uploads/WPR_Map-400x267.jpg
Samoa,Western Pacific,13.0,122.0,https://www.iapb.org/wp-content/uploads/WPR_Map-400x267.jpg
Micronesia,Western Pacific,13.0,122.0,https://www.iapb.org/wp-content/uploads/WPR_Map-400x267.jpg
