Country,Region,Latitude,Longitude,site,internet_code,map_image
Afghanistan,Eastern Mediterranean,33.0,65.0,https://www.iapb.org/wp-content/uploads/worldmap-eastern-mediterranean-cropped.png,af,https://upload.wikimedia.org/wikipedia/commons/1/19/Afghanistan_%28orthographic_projection%29.svg
Albania,Europe,41.0,20.0,https://www.iapb.org/wp-content/uploads/worldmap-europe-cropped.png,al,https://upload.wikimedia.org/wikipedia/commons/d/d5/Albania_%28orthographic_projection%29.svg
Algeria,Africa,28.0,2.0,https://www.iapb.org/wp-content/uploads/Africa-map.jpg,dz,https://upload.wikimedia.org/wikipedia/commons/2/23/Algeria_%28centered_orthographic_projection%29.svg
Andorra,Europe,42.0,1.5,https://www.iapb.org/wp-content/uploads/worldmap-europe-cropped.png,ad,https://upload.wikimedia.org/wikipedia/commons/1/12/Location_Andorra_Europe.png
Angola,Africa,-12.0,18.0,https://www.iapb.org/wp-content/uploads/Africa-map.jpg,ao,https://upload.wikimedia.org/wikipedia/commons/8/89/Angola_%28orthographic_projection%29.svg
Antigua and Barbuda,Americas,17.0,-62.0,https://upload.wikimedia.org/wikipedia/commons/thumb/c/ca/Americas_%28orthographic_projection%29.svg/1200px-Americas_%28orthographic_projection%29.svg.png,ag,https://upload.wikimedia.org/wikipedia/commons/2/21/ATG_orthographic.svg
Argentina,Americas,-34.0,-64.0,https://upload.wikimedia.org/wikipedia/commons/thumb/c/ca/Americas_%28orthographic_projection%29.svg/1200px-Americas_%28orthographic_projection%29.svg.png,ar,https://upload.wikimedia.org/wikipedia/commons/5/5f/ARG_orthographic_%28%2Ball_claims%29.svg
China,Western Pacific,35.0,103.0,https://www.iapb.org/wp-content/uploads/WPR_Map-400x267.jpg,cn,https://upload.wikimedia.org/wikipedia/commons/a/a4/CHN_orthographic.svg
Japan,Western Pacific,36.0,138.0,https://www.iapb.org/wp-content/uploads/WPR_Map-400x267.jpg,jp,https://upload.wikimedia.org/wikipedia/commons/6/62/Japan_%28orthographic_projection%29.svg
South Korea,Western Pacific,36.0,128.0,https://www.iapb.org/wp-content/uploads/WPR_Map-400x267.jpg,kr,https://upload.wikimedia.org/wikipedia/commons/b/b1/Republic_of_Korea_%28orthographic_projection%29.svg
Taiwan,South-East Asia,24.0,121.0,https://www.iapb.org/wp-content/uploads/worldmap-southeast-asia-cropped.png,tw,https://upload.wikimedia.org/wikipedia/commons/b/bc/BRA_orthographic.svg
Thailand,South-East Asia,16.0,101.0,https://www.iapb.org/wp-content/uploads/worldmap-southeast-asia-cropped.png,th,https://upload.wikimedia.org/wikipedia/commons/b/bc/BRA_orthographic.svg
US,Americas,40.0,-90.0,https://upload.wikimedia.org/wikipedia/commons/thumb/c/ca/Americas_%28orthographic_projection%29.svg/1200px-Americas_%28orthographic_projection%29.svg.png,us,https://upload.wikimedia.org/wikipedia/commons/d/dc/USA_orthographic.svg
Australia,Western Pacific,-25.0,133.0,https://www.iapb.org/wp-content/uploads/WPR_Map-400x267.jpg,au,https://upload.wikimedia.org/wikipedia/commons/d/da/Australia_with_AAT_%28orthographic_projection%29.svg
Brazil,Americas,-10.0,-52.0,https://upload.wikimedia.org/wikipedia/commons/thumb/c/ca/Americas_%28orthographic_projection%29.svg/1200px-Americas_%28orthographic_projection%29.svg.png,br,https://upload.wikimedia.org/wikipedia/commons/b/bc/BRA_orthographic.svg
Colombia,Americas,4.0,-72.0,https://upload.wikimedia.org/wikipedia/commons/thumb/c/ca/Americas_%28orthographic_projection%29.svg/1200px-Americas_%28orthographic_projection%29.svg.png,co,https://upload.wikimedia.org/wikipedia/commons/c/ca/COL_orthographic_%28San_Andr%C3%A9s_and_Providencia_special%29.svg
Malaysia,Western Pacific,4.0,102.0,https://www.iapb.org/wp-content/uploads/WPR_Map-400x267.jpg,my,https://upload.wikimedia.org/wikipedia/commons/2/23/Malaysia_%28orthographic_projection%29.svg
Mexico,Americas,23.0,-102.0,https://upload.wikimedia.org/wikipedia/commons/thumb/c/ca/Americas_%28orthographic_projection%29.svg/1200px-Americas_%28orthographic_projection%29.svg.png,mx,https://upload.wikimedia.org/wikipedia/commons/0/06/MEX_orthographic.svg
Philippines,Western Pacific,13.0,122.0,https://www.iapb.org/wp-content/uploads/WPR_Map-400x267.jpg,ph,https://upload.wikimedia.org/wikipedia/commons/6/6d/PHL_orthographic.svg
Singapore,Western Pacific,1.0,104.0,https://www.iapb.org/wp-content/uploads/WPR_Map-400x267.jpg,sg,https://upload.wikimedia.org/wikipedia/commons/3/37/Singapore_on_the_globe_%28Southeast_Asia_centered%29_zoom.svg
Vietnam,Western Pacific,14.0,108.0,https://www.iapb.org/wp-content/uploads/WPR_Map-400x267.jpg,vn,https://upload.wikimedia.org/wikipedia/commons/1/13/Vietnam_%28orthographic_projection%29.png
France,Europe,47.0,2.0,https://www.iapb.org/wp-content/uploads/worldmap-europe-cropped.png,fr,https://upload.wikimedia.org/wikipedia/commons/a/a4/EU-France_%28orthographic_projection%29.svg
Nepal,South-East Asia,28.0,84.0,https://www.iapb.org/wp-content/uploads/worldmap-southeast-asia-cropped.png,np,https://upload.wikimedia.org/wikipedia/commons/b/bc/BRA_orthographic.svg
Canada,Americas,60.0,-110.0,https://upload.wikimedia.org/wikipedia/commons/thumb/c/ca/Americas_%28orthographic_projection%29.svg/1200px-Americas_%28orthographic_projection%29.svg.png,ca,https://upload.wikimedia.org/wikipedia/commons/6/67/CAN_orthographic.svg
Cambodia,Western Pacific,12.0,105.0,https://www.iapb.org/wp-content/uploads/WPR_Map-400x267.jpg,kh,https://upload.wikimedia.org/wikipedia/commons/c/cb/Cambodia_on_the_globe_%28Cambodia_centered%29.svg
Ivory Coast,Africa,8.0,-6.0,https://www.iapb.org/wp-content/uploads/Africa-map.jpg,ci,https://upload.wikimedia.org/wikipedia/commons/c/cd/Location_C%C3%B4te_d%27Ivoire_AU_Africa.svg
Sri Lanka,South-East Asia,8.0,81.0,https://www.iapb.org/wp-content/uploads/worldmap-southeast-asia-cropped.png,lk,https://upload.wikimedia.org/wikipedia/commons/b/bc/BRA_orthographic.svg
Germany,Europe,51.0,9.0,https://www.iapb.org/wp-content/uploads/worldmap-europe-cropped.png,de,https://upload.wikimedia.org/wikipedia/commons/a/af/EU-Germany_%28orthographic_projection%29.svg
Finland,Europe,62.0,26.0,https://www.iapb.org/wp-content/uploads/worldmap-europe-cropped.png,fi,https://upload.wikimedia.org/wikipedia/commons/6/6e/EU-Finland.svg
United Arab Emirates,Eastern Mediterranean,23.0,54.0,https://www.iapb.org/wp-content/uploads/worldmap-eastern-mediterranean-cropped.png,ae,https://upload.wikimedia.org/wikipedia/commons/c/cd/United_Arab_Emirates_%28orthographic_projection%29.svg
India,South-East Asia,21.0,78.0,https://www.iapb.org/wp-content/uploads/worldmap-southeast-asia-cropped.png,in,https://upload.wikimedia.org/wikipedia/commons/b/bb/India_%28orthographic_projection%29.svg
Italy,Europe,43.0,12.0,https://www.iapb.org/wp-content/uploads/worldmap-europe-cropped.png,it,https://upload.wikimedia.org/wikipedia/commons/c/cd/EU-Italy_%28orthographic_projection%29.svg
Russia,Europe,60.0,90.0,https://www.iapb.org/wp-content/uploads/worldmap-europe-cropped.png,ru,https://upload.wikimedia.org/wikipedia/commons/5/5e/Russian_Federation_%28orthographic_projection%29_-_only_Crimea_disputed.svg
Sweden,Europe,63.0,16.0,https://www.iapb.org/wp-content/uploads/worldmap-europe-cropped.png,se,https://upload.wikimedia.org/wikipedia/commons/c/c2/EU-Sweden_%28orthographic_projection%29.svg
United Kingdom,Europe,55.0,0.0,https://www.iapb.org/wp-content/uploads/worldmap-europe-cropped.png,uk,https://upload.wikimedia.org/wikipedia/commons/d/da/Europe-UK_%28orthographic_projection%29.svg
Spain,Europe,40.0,-4.0,https://www.iapb.org/wp-content/uploads/worldmap-europe-cropped.png,es,https://upload.wikimedia.org/wikipedia/commons/c/ca/EU-Spain_%28orthographic_projection%29.svg
Belgium,Europe,51.0,5.0,https://www.iapb.org/wp-content/uploads/worldmap-europe-cropped.png,be,https://upload.wikimedia.org/wikipedia/commons/6/67/EU-Belgium.svg
Egypt,Eastern Mediterranean,27.0,31.0,https://www.iapb.org/wp-content/uploads/worldmap-eastern-mediterranean-cropped.png,eg,https://upload.wikimedia.org/wikipedia/commons/a/a1/EGY_orthographic.svg
Iran,Eastern Mediterranean,32.0,54.0,https://www.iapb.org/wp-content/uploads/worldmap-eastern-mediterranean-cropped.png,ir,https://upload.wikimedia.org/wikipedia/commons/a/a8/Iran_%28orthographic_projection%29.svg
Israel,Europe,31.0,35.0,https://www.iapb.org/wp-content/uploads/worldmap-europe-cropped.png,il,https://upload.wikimedia.org/wikipedia/commons/4/47/ISR_orthographic.svg
Lebanon,Eastern Mediterranean,34.0,36.0,https://www.iapb.org/wp-content/uploads/worldmap-eastern-mediterranean-cropped.png,lb,https://upload.wikimedia.org/wikipedia/commons/9/96/Lebanon_%28orthographic_projection%29.svg
Iraq,Eastern Mediterranean,33.0,44.0,https://www.iapb.org/wp-content/uploads/worldmap-eastern-mediterranean-cropped.png,iq,https://upload.wikimedia.org/wikipedia/commons/5/5c/Iraq_%28orthographic%29.svg
Bahrain,Eastern Mediterranean,26.0,51.0,https://www.iapb.org/wp-content/uploads/worldmap-eastern-mediterranean-cropped.png,bh,https://upload.wikimedia.org/wikipedia/commons/8/83/Map_of_Bahrain.svg
Kuwait,Eastern Mediterranean,29.0,48.0,https://www.iapb.org/wp-content/uploads/worldmap-eastern-mediterranean-cropped.png,kw,https://upload.wikimedia.org/wikipedia/commons/4/41/KWT_orthographic.svg
Oman,Eastern Mediterranean,22.0,56.0,https://www.iapb.org/wp-content/uploads/worldmap-eastern-mediterranean-cropped.png,om,https://upload.wikimedia.org/wikipedia/commons/e/e2/Oman_%28better%29_%28orthographic_projection%29.svg
Austria,Europe,48.0,14.0,https://www.iapb.org/wp-content/uploads/worldmap-europe-cropped.png,at,https://upload.wikimedia.org/wikipedia/commons/9/9d/EU-Austria.svg
Croatia,Europe,45.0,15.0,https://www.iapb.org/wp-content/uploads/worldmap-europe-cropped.png,hr,https://upload.wikimedia.org/wikipedia/commons/f/fb/EU-Croatia_%28orthographic_projection%29.png
Switzerland,Europe,47.0,8.0,https://www.iapb.org/wp-content/uploads/worldmap-europe-cropped.png,ch,https://upload.wikimedia.org/wikipedia/commons/6/61/Europe-Switzerland.svg
Georgia,Europe,42.0,43.0,https://www.iapb.org/wp-content/uploads/worldmap-europe-cropped.png,ge,https://upload.wikimedia.org/wikipedia/commons/6/67/Georgia_%28orthographic_projection_with_inset%29.svg
Greece,Europe,39.0,22.0,https://www.iapb.org/wp-content/uploads/worldmap-europe-cropped.png,gr,https://upload.wikimedia.org/wikipedia/commons/2/21/EU-Greece.svg
North Macedonia,Europe,41.61,21.75,https://www.iapb.org/wp-content/uploads/worldmap-europe-cropped.png,mk,https://upload.wikimedia.org/wikipedia/commons/9/9f/Europe-Republic_of_North_Macedonia.svg
Norway,Europe,60.0,9.0,https://www.iapb.org/wp-content/uploads/worldmap-europe-cropped.png,no,https://upload.wikimedia.org/wikipedia/commons/c/cb/Europe-Norway_%28orthographic_projection%29.svg
Pakistan,Eastern Mediterranean,30.0,70.0,https://www.iapb.org/wp-content/uploads/worldmap-eastern-mediterranean-cropped.png,pk,https://upload.wikimedia.org/wikipedia/commons/b/b6/Pakistan_%28orthographic_projection%29.svg
Romania,Europe,46.0,25.0,https://www.iapb.org/wp-content/uploads/worldmap-europe-cropped.png,ro,https://upload.wikimedia.org/wikipedia/commons/c/c5/EU-Romania_%28orthographic_projection%29.svg
Denmark,Europe,56.0,10.0,https://www.iapb.org/wp-content/uploads/worldmap-europe-cropped.png,dk,https://upload.wikimedia.org/wikipedia/commons/1/10/Kingdom_of_Denmark_%28orthographic_projection%29.svg
Estonia,Europe,59.0,26.0,https://www.iapb.org/wp-content/uploads/worldmap-europe-cropped.png,ee,https://upload.wikimedia.org/wikipedia/commons/a/a2/EU-Estonia.svg
Netherlands,Europe,52.0,6.0,https://www.iapb.org/wp-content/uploads/worldmap-europe-cropped.png,nl,https://upload.wikimedia.org/wikipedia/commons/2/27/EU-Netherlands.svg
San Marino,Europe,44.0,12.0,https://www.iapb.org/wp-content/uploads/worldmap-europe-cropped.png,sm,https://upload.wikimedia.org/wikipedia/commons/7/79/Location_San_Marino_Europe.png
Azerbaijan,Europe,40.0,48.0,https://www.iapb.org/wp-content/uploads/worldmap-europe-cropped.png,az,https://upload.wikimedia.org/wikipedia/commons/2/2d/Azerbaijan_with_Nagorno_Karabakh_region.svg
Belarus,Europe,54.0,28.0,https://www.iapb.org/wp-content/uploads/worldmap-europe-cropped.png,by,https://upload.wikimedia.org/wikipedia/commons/7/70/Europe-Belarus_%28orthographic_projection%29.svg
Iceland,Europe,65.0,-19.0,https://www.iapb.org/wp-content/uploads/worldmap-europe-cropped.png,is,https://upload.wikimedia.org/wikipedia/commons/7/7a/Iceland_%28orthographic_projection%29.svg
Lithuania,Europe,55.0,24.0,https://www.iapb.org/wp-content/uploads/worldmap-europe-cropped.png,lt,https://upload.wikimedia.org/wikipedia/commons/e/ec/EU-Lithuania.svg
New Zealand,Western Pacific,-41.0,175.0,https://www.iapb.org/wp-content/uploads/WPR_Map-400x267.jpg,nz,https://upload.wikimedia.org/wikipedia/commons/2/29/NZL_orthographic_NaturalEarth.svg
Nigeria,Africa,9.0,9.0,https://www.iapb.org/wp-content/uploads/Africa-map.jpg,ng,https://upload.wikimedia.org/wikipedia/commons/4/4e/Nigeria_%28orthographic_projection%29.svg
Ireland,Europe,53.0,-8.0,https://www.iapb.org/wp-content/uploads/worldmap-europe-cropped.png,ie,https://upload.wikimedia.org/wikipedia/commons/3/35/Map_of_Ireland_in_Europe.svg
Luxembourg,Europe,50.0,6.0,https://www.iapb.org/wp-content/uploads/worldmap-europe-cropped.png,lu,https://upload.wikimedia.org/wikipedia/commons/c/c3/EU-Luxembourg.svg
Monaco,Europe,43.73,7.42,https://www.iapb.org/wp-content/uploads/worldmap-europe-cropped.png,mc,https://upload.wikimedia.org/wikipedia/commons/f/f5/Location_Monaco_Europe.png
Qatar,Eastern Mediterranean,25.35,51.0,https://www.iapb.org/wp-content/uploads/worldmap-eastern-mediterranean-cropped.png,qa,https://upload.wikimedia.org/wikipedia/commons/d/d4/QAT_orthographic.svg
Armenia,Europe,40.0,45.0,https://www.iapb.org/wp-content/uploads/worldmap-europe-cropped.png,am,https://upload.wikimedia.org/wikipedia/commons/9/96/Armenia_%28orthographic_projection%29.svg
Czech Republic,Europe,50.0,16.0,https://www.iapb.org/wp-content/uploads/worldmap-europe-cropped.png,cz,https://upload.wikimedia.org/wikipedia/commons/3/31/EU-Czech_Republic.svg
Dominican Republic,Americas,19.0,-70.0,https://upload.wikimedia.org/wikipedia/commons/thumb/c/ca/Americas_%28orthographic_projection%29.svg/1200px-Americas_%28orthographic_projection%29.svg.png,do,https://upload.wikimedia.org/wikipedia/commons/9/95/Dominican_Republic_%28orthographic_projection%29.svg
Ecuador,Americas,-2.0,-78.0,https://upload.wikimedia.org/wikipedia/commons/thumb/c/ca/Americas_%28orthographic_projection%29.svg/1200px-Americas_%28orthographic_projection%29.svg.png,ec,https://upload.wikimedia.org/wikipedia/commons/e/e3/ECU_orthographic.svg
Indonesia,South-East Asia,-1.0,114.0,https://www.iapb.org/wp-content/uploads/worldmap-southeast-asia-cropped.png,id,https://upload.wikimedia.org/wikipedia/commons/0/05/Indonesia_%28orthographic_projection%29.svg
Latvia,Europe,57.0,25.0,https://www.iapb.org/wp-content/uploads/worldmap-europe-cropped.png,lv,https://upload.wikimedia.org/wikipedia/commons/3/32/EU-Latvia.svg
Morocco,Eastern Mediterranean,32.0,-7.0,https://www.iapb.org/wp-content/uploads/worldmap-eastern-mediterranean-cropped.png,ma,https://upload.wikimedia.org/wikipedia/commons/7/78/Morocco_%28orthographic_projection%2C_WS_claimed%29.svg
Portugal,Europe,39.0,-8.0,https://www.iapb.org/wp-content/uploads/worldmap-europe-cropped.png,pt,https://upload.wikimedia.org/wikipedia/commons/a/a5/EU-Portugal_%28orthographic_projection%29.svg
Saudi Arabia,Eastern Mediterranean,24.0,45.0,https://www.iapb.org/wp-content/uploads/worldmap-eastern-mediterranean-cropped.png,sa,https://upload.wikimedia.org/wikipedia/commons/4/47/Saudi_Arabia_%28orthographic_projection%29.svg
Senegal,Africa,15.0,-14.0,https://www.iapb.org/wp-content/uploads/Africa-map.jpg,sn,https://upload.wikimedia.org/wikipedia/commons/3/33/Location_Senegal_AU_Africa.svg
Chile,Americas,-34.0,-71.0,https://upload.wikimedia.org/wikipedia/commons/thumb/c/ca/Americas_%28orthographic_projection%29.svg/1200px-Americas_%28orthographic_projection%29.svg.png,cl,https://upload.wikimedia.org/wikipedia/commons/c/cc/CHL_orthographic_%28%2Ball_claims%29.svg
Jordan,Eastern Mediterranean,31.0,37.0,https://www.iapb.org/wp-content/uploads/worldmap-eastern-mediterranean-cropped.png,jo,https://upload.wikimedia.org/wikipedia/commons/b/b2/Jordan_%28orthographic_projection%29.svg
Ukraine,Europe,49.0,32.0,https://www.iapb.org/wp-content/uploads/worldmap-europe-cropped.png,ua,https://upload.wikimedia.org/wikipedia/commons/f/ff/Europe-Ukraine_%28%D0%B8_%D0%BD%D0%B5_%D0%BA%D0%BE%D0%BD%D1%82%D1%80%D0%BE%D0%BB%D0%B8%D1%80%D1%83%D0%B5%D0%BC%D1%8B%D0%B5%29.png
Hungary,Europe,47.0,20.0,https://www.iapb.org/wp-content/uploads/worldmap-europe-cropped.png,hu,https://upload.wikimedia.org/wikipedia/commons/6/60/EU-Hungary.svg
Liechtenstein,Europe,47.0,10.0,https://www.iapb.org/wp-content/uploads/worldmap-europe-cropped.png,li,https://upload.wikimedia.org/wikipedia/commons/2/23/Europe-Liechtenstein.svg
Poland,Europe,52.0,19.0,https://www.iapb.org/wp-content/uploads/worldmap-europe-cropped.png,pl,https://upload.wikimedia.org/wikipedia/commons/5/57/EU-Poland_%28orthographic_projection%29.svg
Tunisia,Eastern Mediterranean,34.0,10.0,https://www.iapb.org/wp-content/uploads/worldmap-eastern-mediterranean-cropped.png,tn,https://upload.wikimedia.org/wikipedia/commons/3/3f/Tunisia_location_%28orthographic_projection%29.svg
Bosnia and Herzegovina,Europe,44.0,18.0,https://www.iapb.org/wp-content/uploads/worldmap-europe-cropped.png,ba,https://upload.wikimedia.org/wikipedia/commons/9/94/Europe-Bosnia_and_Herzegovina.svg
Slovenia,Europe,46.0,15.0,https://www.iapb.org/wp-content/uploads/worldmap-europe-cropped.png,si,https://upload.wikimedia.org/wikipedia/commons/8/84/EU-Slovenia.svg
South Africa,Africa,-31.0,23.0,https://www.iapb.org/wp-content/uploads/Africa-map.jpg,za,https://upload.wikimedia.org/wikipedia/commons/6/6e/South_Africa_%28orthographic_projection%29.svg
Bhutan,South-East Asia,28.0,90.0,https://www.iapb.org/wp-content/uploads/worldmap-southeast-asia-cropped.png,bt,https://upload.wikimedia.org/wikipedia/commons/c/ce/Bhutan_%28orthographic_projection%29.svg
Cameroon,Africa,4.0,12.0,https://www.iapb.org/wp-content/uploads/Africa-map.jpg,cm,https://upload.wikimedia.org/wikipedia/commons/4/42/Location_Cameroon_AU_Africa.svg
Costa Rica,Americas,10.0,-84.0,https://upload.wikimedia.org/wikipedia/commons/thumb/c/ca/Americas_%28orthographic_projection%29.svg/1200px-Americas_%28orthographic_projection%29.svg.png,cr,https://upload.wikimedia.org/wikipedia/commons/8/89/CRI_orthographic.svg
Peru,Americas,-10.0,-76.0,https://upload.wikimedia.org/wikipedia/commons/thumb/c/ca/Americas_%28orthographic_projection%29.svg/1200px-Americas_%28orthographic_projection%29.svg.png,pe,https://upload.wikimedia.org/wikipedia/commons/0/07/PER_orthographic.svg
Serbia,Europe,44.0,21.0,https://www.iapb.org/wp-content/uploads/worldmap-europe-cropped.png,rs,https://upload.wikimedia.org/wikipedia/commons/e/e8/Serbia_%28orthographic_projection%29.svg
Slovakia,Europe,49.0,20.0,https://www.iapb.org/wp-content/uploads/worldmap-europe-cropped.png,sk,https://upload.wikimedia.org/wikipedia/commons/1/1d/EU-Slovakia.svg
Togo,Africa,9.0,1.0,https://www.iapb.org/wp-content/uploads/Africa-map.jpg,tg,https://upload.wikimedia.org/wikipedia/commons/1/1b/Location_Togo_AU_Africa.svg
Malta,Europe,36.0,14.0,https://www.iapb.org/wp-content/uploads/worldmap-europe-cropped.png,mt,https://upload.wikimedia.org/wikipedia/commons/6/63/EU-Malta.svg
Bangladesh,South-East Asia,24.0,90.0,https://www.iapb.org/wp-content/uploads/worldmap-southeast-asia-cropped.png,bd,https://upload.wikimedia.org/wikipedia/commons/f/f2/Bangladesh_%28orthographic_projection%29.svg
Bulgaria,Europe,43.0,25.0,https://www.iapb.org/wp-content/uploads/worldmap-europe-cropped.png,bg,https://upload.wikimedia.org/wikipedia/commons/e/e9/EU-Bulgaria.svg
Maldives,South-East Asia,3.0,73.0,https://www.iapb.org/wp-content/uploads/worldmap-southeast-asia-cropped.png,mv,https://upload.wikimedia.org/wikipedia/commons/b/bc/BRA_orthographic.svg
Moldova,Europe,47.0,28.0,https://www.iapb.org/wp-content/uploads/worldmap-europe-cropped.png,md,https://upload.wikimedia.org/wikipedia/commons/f/fe/Location_Moldova_Europe.png
Paraguay,Americas,-23.0,-58.0,https://upload.wikimedia.org/wikipedia/commons/thumb/c/ca/Americas_%28orthographic_projection%29.svg/1200px-Americas_%28orthographic_projection%29.svg.png,py,https://upload.wikimedia.org/wikipedia/commons/4/4c/PRY_orthographic.svg
Brunei,Western Pacific,5.0,115.0,https://www.iapb.org/wp-content/uploads/WPR_Map-400x267.jpg,bn,https://upload.wikimedia.org/wikipedia/commons/9/9c/Brunei_%28orthographic_projection%29.svg
Cyprus,Europe,35.0,33.0,https://www.iapb.org/wp-content/uploads/worldmap-europe-cropped.png,cy,https://upload.wikimedia.org/wikipedia/commons/4/4f/EU-Cyprus.svg
Burkina Faso,Africa,12.0,-2.0,https://www.iapb.org/wp-content/uploads/Africa-map.jpg,bf,https://upload.wikimedia.org/wikipedia/commons/8/86/Burkina_Faso_%28orthographic_projection%29.svg
Holy See,Europe,42.0,12.0,https://www.iapb.org/wp-content/uploads/worldmap-europe-cropped.png,va,https://upload.wikimedia.org/wikipedia/commons/8/89/Location_of_the_Vatican_City_in_Europe.svg
Mongolia,Western Pacific,47.0,104.0,https://www.iapb.org/wp-content/uploads/WPR_Map-400x267.jpg,mn,https://upload.wikimedia.org/wikipedia/commons/f/f3/Mongolia_%28orthographic_projection%29.svg
Panama,Americas,9.0,-81.0,https://upload.wikimedia.org/wikipedia/commons/thumb/c/ca/Americas_%28orthographic_projection%29.svg/1200px-Americas_%28orthographic_projection%29.svg.png,pa,https://upload.wikimedia.org/wikipedia/commons/3/39/PAN_orthographic.svg
Bolivia,Americas,-16.0,-64.0,https://upload.wikimedia.org/wikipedia/commons/thumb/c/ca/Americas_%28orthographic_projection%29.svg/1200px-Americas_%28orthographic_projection%29.svg.png,bo,https://upload.wikimedia.org/wikipedia/commons/8/83/BOL_orthographic.svg
Cruise Ship,Other,0.0,0.0,uk,https://upload.wikimedia.org/wikipedia/commons/b/bc/BRA_orthographic.svg
Honduras,Americas,15.0,-86.0,https://upload.wikimedia.org/wikipedia/commons/thumb/c/ca/Americas_%28orthographic_projection%29.svg/1200px-Americas_%28orthographic_projection%29.svg.png,hn,https://upload.wikimedia.org/wikipedia/commons/0/0c/HND_orthographic.svg
Jamaica,Americas,18.0,-77.0,https://upload.wikimedia.org/wikipedia/commons/thumb/c/ca/Americas_%28orthographic_projection%29.svg/1200px-Americas_%28orthographic_projection%29.svg.png,jm,https://upload.wikimedia.org/wikipedia/commons/e/eb/Jamaica_%28orthographic_projection%29.svg
Turkey,Europe,39.0,35.0,https://www.iapb.org/wp-content/uploads/worldmap-europe-cropped.png,tr,https://upload.wikimedia.org/wikipedia/commons/d/dd/Turkey_%28orthographic_projection%29.svg
Cuba,Americas,22.0,-78.0,https://upload.wikimedia.org/wikipedia/commons/thumb/c/ca/Americas_%28orthographic_projection%29.svg/1200px-Americas_%28orthographic_projection%29.svg.png,cu,https://upload.wikimedia.org/wikipedia/commons/1/16/CUB_orthographic.svg
Guyana,Americas,5.0,-59.0,https://upload.wikimedia.org/wikipedia/commons/thumb/c/ca/Americas_%28orthographic_projection%29.svg/1200px-Americas_%28orthographic_projection%29.svg.png,gy,https://upload.wikimedia.org/wikipedia/commons/2/21/GUY_orthographic.svg
Ethiopia,Africa,9.0,40.0,https://www.iapb.org/wp-content/uploads/Africa-map.jpg,et,https://upload.wikimedia.org/wikipedia/commons/e/e7/Location_Ethiopia_AU_Africa.svg
Guinea,Africa,10.0,-10.0,https://www.iapb.org/wp-content/uploads/Africa-map.jpg,gn,https://upload.wikimedia.org/wikipedia/commons/0/04/Location_Guinea_AU_Africa.svg
Kazakhstan,Europe,48.0,67.0,https://www.iapb.org/wp-content/uploads/worldmap-europe-cropped.png,kz,https://upload.wikimedia.org/wikipedia/commons/3/3e/Kazakhstan_%28orthographic_projection%29.svg
Kenya,Africa,0.0,38.0,https://www.iapb.org/wp-content/uploads/Africa-map.jpg,ke,https://upload.wikimedia.org/wikipedia/commons/a/a5/Kenya_%28orthographic_projection%29.svg
Sudan,Eastern Mediterranean,13.0,30.0,https://www.iapb.org/wp-content/uploads/worldmap-eastern-mediterranean-cropped.png,sd,https://upload.wikimedia.org/wikipedia/commons/b/bc/BRA_orthographic.svg
Eswatini,Africa,-27.0,31.0,https://www.iapb.org/wp-content/uploads/Africa-map.jpg,sz,https://upload.wikimedia.org/wikipedia/commons/c/c4/Location_Eswatini_AU_Africa.svg
Gabon,Africa,-1.0,12.0,https://www.iapb.org/wp-content/uploads/Africa-map.jpg,ga,https://upload.wikimedia.org/wikipedia/commons/b/bf/Gabon_%28orthographic_projection%29.svg
Ghana,Africa,7.94,-1.0,https://www.iapb.org/wp-content/uploads/Africa-map.jpg,gh,https://upload.wikimedia.org/wikipedia/commons/5/5b/Location_Ghana_AU_Africa.svg
Guatemala,Americas,16.0,-90.0,https://upload.wikimedia.org/wikipedia/commons/thumb/c/ca/Americas_%28orthographic_projection%29.svg/1200px-Americas_%28orthographic_projection%29.svg.png,gt,https://upload.wikimedia.org/wikipedia/commons/7/70/Guatemala_%28orthographic_projection%29.svg
Mauritania,Africa,21.0,-11.0,https://www.iapb.org/wp-content/uploads/Africa-map.jpg,mr,https://upload.wikimedia.org/wikipedia/commons/a/ac/Mauritania_%28orthographic_projection%29.svg
Namibia,Africa,-23.0,19.0,https://www.iapb.org/wp-content/uploads/Africa-map.jpg,na,https://upload.wikimedia.org/wikipedia/commons/d/d4/Namibia_%28orthographic_projection%29.svg
Rwanda,Africa,-2.0,30.0,https://www.iapb.org/wp-content/uploads/Africa-map.jpg,rw,https://upload.wikimedia.org/wikipedia/commons/6/60/Location_Rwanda_AU_Africa.svg
Saint Lucia,Americas,14.0,-61.0,https://upload.wikimedia.org/wikipedia/commons/thumb/c/ca/Americas_%28orthographic_projection%29.svg/1200px-Americas_%28orthographic_projection%29.svg.png,lc,https://upload.wikimedia.org/wikipedia/commons/9/97/Saint_Lucia_on_the_globe_%28Americas_centered%29.svg
Saint Vincent and the Grenadines,Americas,13.0,-61.0,https://upload.wikimedia.org/wikipedia/commons/thumb/c/ca/Americas_%28orthographic_projection%29.svg/1200px-Americas_%28orthographic_projection%29.svg.png,vc,https://upload.wikimedia.org/wikipedia/commons/7/70/VCT_orthographic.svg
Seychelles,Africa,-5.0,56.0,https://www.iapb.org/wp-content/uploads/Africa-map.jpg,sc,https://upload.wikimedia.org/wikipedia/commons/b/bd/Location_Seychelles_AU_Africa.svg
Suriname,Americas,4.0,-56.0,https://upload.wikimedia.org/wikipedia/commons/thumb/c/ca/Americas_%28orthographic_projection%29.svg/1200px-Americas_%28orthographic_projection%29.svg.png,sr,https://upload.wikimedia.org/wikipedia/commons/7/72/SUR_orthographic.svg
Trinidad and Tobago,Americas,11.0,-61.0,https://upload.wikimedia.org/wikipedia/commons/thumb/c/ca/Americas_%28orthographic_projection%29.svg/1200px-Americas_%28orthographic_projection%29.svg.png,tt,https://upload.wikimedia.org/wikipedia/commons/e/ed/Trinidad_and_Tobago_%28orthographic_projection%29.svg
Uruguay,Americas,-33.0,-56.0,https://upload.wikimedia.org/wikipedia/commons/thumb/c/ca/Americas_%28orthographic_projection%29.svg/1200px-Americas_%28orthographic_projection%29.svg.png,uy,https://upload.wikimedia.org/wikipedia/commons/4/43/URY_orthographic.svg
Venezuela,Americas,6.0,-67.0,https://upload.wikimedia.org/wikipedia/commons/thumb/c/ca/Americas_%28orthographic_projection%29.svg/1200px-Americas_%28orthographic_projection%29.svg.png,ve,https://upload.wikimedia.org/wikipedia/commons/0/05/Venezuela_Orthographic_Map.svg
Central African Republic,Africa,7.0,21.0,https://www.iapb.org/wp-content/uploads/Africa-map.jpg,cf,https://upload.wikimedia.org/wikipedia/commons/c/c4/Central_African_Republic_%28orthographic_projection%29.svg
Equatorial Guinea,Africa,2.0,10.0,https://www.iapb.org/wp-content/uploads/Africa-map.jpg,gq,https://upload.wikimedia.org/wikipedia/commons/b/b9/GNQ_orthographic.svg
Kosovo,Europe,43.0,21.0,https://www.iapb.org/wp-content/uploads/worldmap-europe-cropped.png,xk,https://upload.wikimedia.org/wikipedia/commons/1/18/Europe-Republic_of_Kosovo.svg
Uzbekistan,Europe,41.0,65.0,https://www.iapb.org/wp-content/uploads/worldmap-europe-cropped.png,uz,https://upload.wikimedia.org/wikipedia/commons/7/76/%D0%A3%D0%B7%D0%B1%D0%B5%D0%BA%D0%B8%D1%81%D1%82%D0%B0%D0%BD_%D0%BD%D0%B0_%D0%B3%D0%BB%D0%BE%D0%B1%D1%83%D1%81%D0%B5.svg
Bahamas,Americas,25.0,-78.0,https://upload.wikimedia.org/wikipedia/commons/thumb/c/ca/Americas_%28orthographic_projection%29.svg/1200px-Americas_%28orthographic_projection%29.svg.png,bs,https://upload.wikimedia.org/wikipedia/commons/d/de/The_Bahamas_on_the_globe_%28Americas_centered%29.svg
Benin,Africa,9.0,2.0,https://www.iapb.org/wp-content/uploads/Africa-map.jpg,bj,https://upload.wikimedia.org/wikipedia/commons/b/b6/Location_Benin_AU_Africa.svg
Liberia,Africa,6.0,-9.0,https://www.iapb.org/wp-content/uploads/Africa-map.jpg,lr,https://upload.wikimedia.org/wikipedia/commons/6/6f/Location_Liberia_AU_Africa.svg
Somalia,Eastern Mediterranean,5.0,46.0,https://www.iapb.org/wp-content/uploads/worldmap-eastern-mediterranean-cropped.png,so,https://upload.wikimedia.org/wikipedia/commons/4/4c/Somalia_%28orthographic_projection%29.svg
Tanzania,Africa,-6.0,35.0,https://www.iapb.org/wp-content/uploads/Africa-map.jpg,tz,https://upload.wikimedia.org/wikipedia/commons/8/83/Location_Tanzania_AU_Africa.svg
Barbados,Americas,13.0,-60.0,https://upload.wikimedia.org/wikipedia/commons/thumb/c/ca/Americas_%28orthographic_projection%29.svg/1200px-Americas_%28orthographic_projection%29.svg.png,bb,https://upload.wikimedia.org/wikipedia/commons/a/a1/BRB_orthographic.svg
Gambia,Africa,13.0,-15.0,https://www.iapb.org/wp-content/uploads/Africa-map.jpg,gm,https://upload.wikimedia.org/wikipedia/commons/5/52/Location_Gambia_AU_Africa.svg
Montenegro,Europe,43.0,19.0,https://www.iapb.org/wp-content/uploads/worldmap-europe-cropped.png,me,https://upload.wikimedia.org/wikipedia/commons/b/b0/Europe-Montenegro.svg
Djibouti,Eastern Mediterranean,12.0,43.0,https://www.iapb.org/wp-content/uploads/worldmap-eastern-mediterranean-cropped.png,dj,https://upload.wikimedia.org/wikipedia/commons/b/b7/Djibouti_%28orthographic_projection%29.svg
Kyrgyzstan,Europe,41.0,75.0,https://www.iapb.org/wp-content/uploads/worldmap-europe-cropped.png,kg,https://upload.wikimedia.org/wikipedia/commons/7/7c/Kyrgyzstan_%28orthographic_projection%29.svg
Mauritius,Africa,-20.0,58.0,https://www.iapb.org/wp-content/uploads/Africa-map.jpg,mu,https://upload.wikimedia.org/wikipedia/commons/4/4b/Mauritius_%28orthographic_projection_with_inset%29.svg
Zambia,Africa,-13.0,28.0,https://www.iapb.org/wp-content/uploads/Africa-map.jpg,zm,https://upload.wikimedia.org/wikipedia/commons/b/bb/Location_Zambia_AU_Africa.svg
Chad,Africa,15.0,19.0,https://www.iapb.org/wp-content/uploads/Africa-map.jpg,td,https://upload.wikimedia.org/wikipedia/commons/e/ec/Location_Chad_AU_Africa.svg
El Salvador,Americas,14.0,-89.0,https://upload.wikimedia.org/wikipedia/commons/thumb/c/ca/Americas_%28orthographic_projection%29.svg/1200px-Americas_%28orthographic_projection%29.svg.png,sv,https://upload.wikimedia.org/wikipedia/commons/e/e3/El_Salvador_%28orthographic_projection%29.svg
Fiji,Western Pacific,-18.0,178.0,https://www.iapb.org/wp-content/uploads/WPR_Map-400x267.jpg,fj,https://upload.wikimedia.org/wikipedia/commons/f/f6/Fiji_on_the_globe_%28small_islands_magnified%29_%28Polynesia_centered%29.svg
Nicaragua,Americas,13.0,-85.0,https://upload.wikimedia.org/wikipedia/commons/thumb/c/ca/Americas_%28orthographic_projection%29.svg/1200px-Americas_%28orthographic_projection%29.svg.png,ni,https://upload.wikimedia.org/wikipedia/commons/3/34/NIC_orthographic.svg
Cape Verde,Africa,16.5,-23.0,https://www.iapb.org/wp-content/uploads/Africa-map.jpg,cv,https://upload.wikimedia.org/wikipedia/commons/4/47/Cape_Verde_%28orthographic_projection%29.svg
Haiti,Americas,19.0,-72.0,https://upload.wikimedia.org/wikipedia/commons/thumb/c/ca/Americas_%28orthographic_projection%29.svg/1200px-Americas_%28orthographic_projection%29.svg.png,ht,https://upload.wikimedia.org/wikipedia/commons/f/fe/Haiti_%28orthographic_projection%29.svg
Madagascar,Africa,-19.0,47.0,https://www.iapb.org/wp-content/uploads/Africa-map.jpg,mg,https://upload.wikimedia.org/wikipedia/commons/4/41/Location_Madagascar_AU_Africa.svg
Niger,Africa,18.0,8.0,https://www.iapb.org/wp-content/uploads/Africa-map.jpg,ne,https://upload.wikimedia.org/wikipedia/commons/6/68/Location_Niger_AU_Africa.svg
Papua New Guinea,Western Pacific,-6.0,144.0,https://www.iapb.org/wp-content/uploads/WPR_Map-400x267.jpg,pg,https://upload.wikimedia.org/wikipedia/commons/7/79/Papua_New_Guinea_%28orthographic_projection%29.svg
Zimbabwe,Africa,-19.0,29.0,https://www.iapb.org/wp-content/uploads/Africa-map.jpg,zw,https://upload.wikimedia.org/wikipedia/commons/a/a1/Location_Zimbabwe_AU_Africa.svg
East Timor,South-East Asia,-9.0,126.0,https://www.iapb.org/wp-content/uploads/worldmap-southeast-asia-cropped.png,tl,https://upload.wikimedia.org/wikipedia/commons/b/bc/Timor_Leste_%28orthographic_projection%29.svg
Eritrea,Africa,15.0,40.0,https://www.iapb.org/wp-content/uploads/Africa-map.jpg,er,https://upload.wikimedia.org/wikipedia/commons/4/43/Eritrea_%28Africa_orthographic_projection%29.svg
Uganda,Africa,1.0,32.0,https://www.iapb.org/wp-content/uploads/Africa-map.jpg,ug,https://upload.wikimedia.org/wikipedia/commons/1/1d/Uganda_%28orthographic_projection%29.svg
Dominica,Americas,15.0,-61.0,https://upload.wikimedia.org/wikipedia/commons/thumb/c/ca/Americas_%28orthographic_projection%29.svg/1200px-Americas_%28orthographic_projection%29.svg.png,dm,https://upload.wikimedia.org/wikipedia/commons/7/78/Dominica_on_the_globe_%28Americas_centered%29.svg
Grenada,Americas,12.0,-62.0,https://upload.wikimedia.org/wikipedia/commons/thumb/c/ca/Americas_%28orthographic_projection%29.svg/1200px-Americas_%28orthographic_projection%29.svg.png,gd,https://upload.wikimedia.org/wikipedia/commons/6/6e/Grenada_on_the_globe_%28Americas_centered%29.svg
Mozambique,Africa,-19.0,36.0,https://www.iapb.org/wp-content/uploads/Africa-map.jpg,mz,https://upload.wikimedia.org/wikipedia/commons/8/84/Mozambique_%28orthographic_projection%29.svg
Syria,Eastern Mediterranean,35.0,39.0,https://www.iapb.org/wp-content/uploads/worldmap-eastern-mediterranean-cropped.png,sy,https://upload.wikimedia.org/wikipedia/commons/1/11/Syria_%28orthographic_projection%29.svg
Belize,Americas,17.0,-89.0,https://upload.wikimedia.org/wikipedia/commons/thumb/c/ca/Americas_%28orthographic_projection%29.svg/1200px-Americas_%28orthographic_projection%29.svg.png,bz,https://upload.wikimedia.org/wikipedia/commons/4/43/BLZ_orthographic.svg
Laos,Western Pacific,18.0,105.0,https://www.iapb.org/wp-content/uploads/WPR_Map-400x267.jpg,la,https://upload.wikimedia.org/wikipedia/commons/b/bc/Laos_%28orthographic_projection%29.svg
Libya,Eastern Mediterranean,26.0,17.0,https://www.iapb.org/wp-content/uploads/worldmap-eastern-mediterranean-cropped.png,ly,https://upload.wikimedia.org/wikipedia/commons/9/9e/Libya_%28centered_orthographic_projection%29.svg
Guinea-Bissau,Africa,12.0,-15.0,https://www.iapb.org/wp-content/uploads/Africa-map.jpg,gw,https://upload.wikimedia.org/wikipedia/commons/f/fe/Location_Guinea_Bissau_AU_Africa.svg
Mali,Africa,18.0,-4.0,https://www.iapb.org/wp-content/uploads/Africa-map.jpg,ml,https://upload.wikimedia.org/wikipedia/commons/4/45/Location_Mali_AU_Africa.svg
Saint Kitts and Nevis,Americas,17.0,-63.0,https://upload.wikimedia.org/wikipedia/commons/thumb/c/ca/Americas_%28orthographic_projection%29.svg/1200px-Americas_%28orthographic_projection%29.svg.png,kn,https://upload.wikimedia.org/wikipedia/commons/5/5d/KNA_orthographic.svg
West Bank and Gaza,Eastern Mediterranean,32.0,35.0,https://www.iapb.org/wp-content/uploads/worldmap-eastern-mediterranean-cropped.png,ps,https://upload.wikimedia.org/wikipedia/commons/a/ad/State_of_Palestine_%28orthographic_projection%29.svg
Burma,South-East Asia,22.0,96.0,https://www.iapb.org/wp-content/uploads/worldmap-southeast-asia-cropped.png,mm,https://upload.wikimedia.org/wikipedia/commons/c/cb/Myanmar_%28orthographic_projection%29.svg
Botswana,Africa,-25.0,26.0,https://www.iapb.org/wp-content/uploads/Africa-map.jpg,bw,https://upload.wikimedia.org/wikipedia/commons/a/a8/Location_Botswana_AU_Africa.svg
Burundi,Africa,-4.0,30.0,https://www.iapb.org/wp-content/uploads/Africa-map.jpg,bi,https://upload.wikimedia.org/wikipedia/commons/2/27/Burundi_%28orthographic_projection%29.svg
Sierra Leone,Africa,8.0,-13.0,https://www.iapb.org/wp-content/uploads/Africa-map.jpg,sl,https://upload.wikimedia.org/wikipedia/commons/4/4f/Location_Sierra_Leone_AU_Africa.svg
Malawi,Africa,-14.0,34.0,https://www.iapb.org/wp-content/uploads/Africa-map.jpg,mw,https://upload.wikimedia.org/wikipedia/commons/a/ab/Location_Malawi_AU_Africa.svg
South Sudan,Africa,8.0,30.0,https://www.iapb.org/wp-content/uploads/Africa-map.jpg,ss,https://upload.wikimedia.org/wikipedia/commons/b/b1/Location_South_Sudan_AU_Africa.svg
Sao Tome and Principe,Africa,1.0,7.0,https://www.iapb.org/wp-content/uploads/Africa-map.jpg,st,https://upload.wikimedia.org/wikipedia/commons/3/35/Location_S%C3%A3o_Tom%C3%A9_and_Pr%C3%ADncipe_AU_Africa.svg
Yemen,Eastern Mediterranean,15.0,44.0,https://www.iapb.org/wp-content/uploads/worldmap-eastern-mediterranean-cropped.png,ye,https://upload.wikimedia.org/wikipedia/commons/f/f1/Yemen_%28orthographic_projection%29.svg
Comoros,Africa,-12.0,44.0,https://www.iapb.org/wp-content/uploads/Africa-map.jpg,km,https://upload.wikimedia.org/wikipedia/commons/a/ad/Comoros_%28orthographic_projection%29.svg
Tajikistan,Europe,39.0,71.0,https://www.iapb.org/wp-content/uploads/worldmap-europe-cropped.png,tj,https://upload.wikimedia.org/wikipedia/commons/a/a1/Tajikistan_%28orthographic_projection%29.svg
Lesotho,Africa,-29.0,28.0,https://www.iapb.org/wp-content/uploads/Africa-map.jpg,ls,https://upload.wikimedia.org/wikipedia/commons/d/d2/Location_Lesotho_AU_Africa.svg
Congo-Brazzaville,Africa,-1.0,15.0,https://www.iapb.org/wp-content/uploads/Africa-map.jpg,cg,https://upload.wikimedia.org/wikipedia/commons/a/a7/Republic_of_the_Congo_%28orthographic_projection%29.svg
Democratic Republic of Congo,Africa,-3.0,24.0,https://www.iapb.org/wp-content/uploads/Africa-map.jpg,cd,https://upload.wikimedia.org/wikipedia/commons/a/a9/Location_DR_Congo_AU_Africa.svg
Marshall Islands,Western Pacific,13.0,122.0,https://www.iapb.org/wp-content/uploads/WPR_Map-400x267.jpg,mh,https://upload.wikimedia.org/wikipedia/commons/1/18/Marshall_Islands_on_the_globe_%28small_islands_magnified%29_%28Polynesia_centered%29.svg
Solomon Islands,Western Pacific,13.0,122.0,https://www.iapb.org/wp-content/uploads/WPR_Map-400x267.jpg,sb,https://upload.wikimedia.org/wikipedia/commons/8/8a/Solomon_Islands_on_the_globe_%28Oceania_centered%29.svg
Vanuatu,Western Pacific,13.0,122.0,https://www.iapb.org/wp-content/uploads/WPR_Map-400x267.jpg,vu,https://upload.wikimedia.org/wikipedia/commons/d/d9/Vanuatu_on_the_globe_%28Polynesia_centered%29.svg
Samoa,Western Pacific,13.0,122.0,https://www.iapb.org/wp-content/uploads/WPR_Map-400x267.jpg,as,https://upload.wikimedia.org/wikipedia/commons/7/74/Samoa_on_the_globe_%28Polynesia_centered%29.svg
Micronesia,Western Pacific,13.0,122.0,https://www.iapb.org/wp-content/uploads/WPR_Map-400x267.jpg,fm,https://upload.wikimedia.org/wikipedia/commons/1/18/Marshall_Islands_on_the_globe_%28small_islands_magnified%29_%28Polynesia_centered%29.svg
